﻿<?xml version="1.0" encoding="utf-8"?>
<Template Type="Movie">
  <Settings>
    <Directors Separator=", " MaximumValues="1" />
    <Actors Separator=", " MaximumValues="5" />
    <Genres Separator=", " MaximumValues="5" />
    <Rating FileName="%PATH%\stars.png" />
  </Settings>
  <SoundFormats>
    <SoundFormat Name="AAC" Text="AAC Unknown" Image="%PATH%\sound_format\aac.png" />
    <SoundFormat Name="AAC10" Text="AAC 1.0" Image="%PATH%\sound_format\aac10.png" />
    <SoundFormat Name="AAC20" Text="AAC 2.0" Image="%PATH%\sound_format\aac20.png" />
    <SoundFormat Name="AAC21" Text="AAC 2.1" Image="%PATH%\sound_format\aac21.png" />
    <SoundFormat Name="AAC40" Text="AAC 4.0" Image="%PATH%\sound_format\aac40.png" />
    <SoundFormat Name="AAC41" Text="AAC 4.1" Image="%PATH%\sound_format\aac41.png" />
    <SoundFormat Name="AAC51" Text="AAC 5.1" Image="%PATH%\sound_format\aac51.png" />
    <SoundFormat Name="AAC70" Text="AAC 7.0" Image="%PATH%\sound_format\aac70.png" />
    <SoundFormat Name="AAC71" Text="AAC 7.1" Image="%PATH%\sound_format\aac71.png" />
    <SoundFormat Name="DD" Text="DD Unknown" Image="%PATH%\sound_format\dd.png" />
    <SoundFormat Name="DD20" Text="Dolby Digital 2.0" Image="%PATH%\sound_format\dd20.png" />
    <SoundFormat Name="DD21" Text="Dolby Digital 2.1" Image="%PATH%\sound_format\dd21.png" />
    <SoundFormat Name="DD40" Text="Dolby Digital 4.0" Image="%PATH%\sound_format\dd40.png" />
    <SoundFormat Name="DD41" Text="Dolby Digital 4.1" Image="%PATH%\sound_format\dd41.png" />
    <SoundFormat Name="DD51" Text="Dolby Digital 5.1" Image="%PATH%\sound_format\dd51.png" />
    <SoundFormat Name="DD70" Text="Dolby Digital 7.0" Image="%PATH%\sound_format\dd70.png" />
    <SoundFormat Name="DD71" Text="Dolby Digital 7.1" Image="%PATH%\sound_format\dd71.png" />
    <SoundFormat Name="DDPLUS" Text="Dolby Digital Plus" Image="%PATH%\sound_format\ddplus.png" />
    <SoundFormat Name="DTRUEHD" Text="Dolby True HD" Image="%PATH%\sound_format\dtruehd.png" />
    <SoundFormat Name="DTS" Text="DTS Unknown" Image="%PATH%\sound_format\dts.png" />
    <SoundFormat Name="DTS20" Text="DTS 2.0" Image="%PATH%\sound_format\dts20.png" />
    <SoundFormat Name="DTS21" Text="DTS 2.1" Image="%PATH%\sound_format\dts21.png" />
    <SoundFormat Name="DTS40" Text="DTS 4.0" Image="%PATH%\sound_format\dts40.png" />
    <SoundFormat Name="DTS41" Text="DTS 4.1" Image="%PATH%\sound_format\dts41.png" />
    <SoundFormat Name="DTS51" Text="DTS 5.1" Image="%PATH%\sound_format\dts51.png" />
    <SoundFormat Name="DTS70" Text="DTS 7.0" Image="%PATH%\sound_format\dts70.png" />
    <SoundFormat Name="DTS71" Text="DTS 7.1" Image="%PATH%\sound_format\dts71.png" />
    <SoundFormat Name="DTSES" Text="DTS ES" Image="%PATH%\sound_format\dtses.png" />
    <SoundFormat Name="DTSHD" Text="DTS HD" Image="%PATH%\sound_format\dtshd.png" />
    <SoundFormat Name="FLAC" Text="Flac" Image="%PATH%\sound_format\flac.png" />
    <SoundFormat Name="FLAC20" Text="Flac 2.0" Image="%PATH%\sound_format\flac20.png" />
    <SoundFormat Name="FLAC21" Text="Flac 2.1" Image="%PATH%\sound_format\flac21.png" />
    <SoundFormat Name="FLAC40" Text="Flac 4.0" Image="%PATH%\sound_format\flac40.png" />
    <SoundFormat Name="FLAC41" Text="Flac 4.1" Image="%PATH%\sound_format\flac41.png" />
    <SoundFormat Name="FLAC51" Text="Flac 5.1" Image="%PATH%\sound_format\flac51.png" />
    <SoundFormat Name="FLAC70" Text="Flac 7.0" Image="%PATH%\sound_format\flac70.png" />
    <SoundFormat Name="FLAC71" Text="Flac 7.1" Image="%PATH%\sound_format\flac71.png" />
    <SoundFormat Name="MLP" Text="MLP" Image="%PATH%\sound_format\mlp.png" />
    <SoundFormat Name="MP3" Text="All Mpeg" Image="%PATH%\sound_format\mp3.png" />
    <SoundFormat Name="MP310" Text="MP3 1.0" Image="%PATH%\sound_format\mp310.png" />
    <SoundFormat Name="MP320" Text="MP3 2.0" Image="%PATH%\sound_format\mp320.png" />
    <SoundFormat Name="OGG" Text="Ogg" Image="%PATH%\sound_format\ogg.png" />
    <SoundFormat Name="OGG20" Text="Ogg 2.0" Image="%PATH%\sound_format\ogg20.png" />
    <SoundFormat Name="OGG21" Text="Ogg 2.1" Image="%PATH%\sound_format\ogg21.png" />
    <SoundFormat Name="OGG40" Text="Ogg 4.0" Image="%PATH%\sound_format\ogg40.png" />
    <SoundFormat Name="OGG41" Text="Ogg 4.1" Image="%PATH%\sound_format\ogg41.png" />
    <SoundFormat Name="OGG51" Text="Ogg 5.1" Image="%PATH%\sound_format\ogg51.png" />
    <SoundFormat Name="OGG70" Text="Ogg 7.0" Image="%PATH%\sound_format\ogg70.png" />
    <SoundFormat Name="OGG71" Text="Ogg 7.1" Image="%PATH%\sound_format\ogg71.png" />
  </SoundFormats>
  <Resolutions>
    <Resolution Name="288P" Text="288p" Image="%PATH%\image_resolution\288p.png" />
    <Resolution Name="480I" Text="480I" Image="%PATH%\image_resolution\480i.png" />
    <Resolution Name="480P" Text="480p" Image="%PATH%\image_resolution\480.png" />
    <Resolution Name="576I" Text="576I" Image="%PATH%\image_resolution\576i.png" />
    <Resolution Name="576P" Text="576p" Image="%PATH%\image_resolution\576.png" />
    <Resolution Name="720I" Text="720I" Image="%PATH%\image_resolution\720i.png" />
    <Resolution Name="720P" Text="720p" Image="%PATH%\image_resolution\720.png" />
    <Resolution Name="1080I" Text="1080I" Image="%PATH%\image_resolution\1080i.png" />
    <Resolution Name="1080P" Text="1080p" Image="%PATH%\image_resolution\1080.png" />
  </Resolutions>
  <MediaFormats>
    <MediaFormat Name="AVCHD" Text="AVCHD" Image="%PATH%\media_format\avchd.png" />
    <MediaFormat Name="BLURAY" Text="Blu-Ray" Image="%PATH%\media_format\bluray.png" />
    <MediaFormat Name="DVD" Text="DVD" Image="%PATH%\media_format\dvd.png" />
    <MediaFormat Name="flv" Text="FLV" Image="%PATH%\video_format\flv.png" />
    <MediaFormat Name="HDDVD" Text="HD DVD" Image="%PATH%\media_format\hddvd.png" />
    <MediaFormat Name="mov" Text="MOV" Image="%PATH%\video_format\mov.png" />
    <MediaFormat Name="mpeg" Text="MPEG" Image="%PATH%\media_format\mpeg.png" />
    <MediaFormat Name="mpeg2" Text="MPEG-2" Image="%PATH%\media_format\mpeg.png" />
    <MediaFormat Name="mpeg4" Text="MPEG-4" Image="%PATH%\media_format\mpeg.png" />
    <MediaFormat Name="MKV" Text="MKV" Image="%PATH%\media_format\mkv.png" />
    <MediaFormat Name="rm" Text="RM" Image="%PATH%\video_format\rm.png" />
    <MediaFormat Name="rmvb" Text="RMVB" Image="%PATH%\video_format\rmvb.png" />
  </MediaFormats>
  <VideoFormats>
    <VideoFormat Name="avc" Text="AVC" Image="%PATH%\video_format\h264.png" />
    <VideoFormat Name="divx" Text="Divx" Image="%PATH%\video_format\divx.png" />
    <VideoFormat Name="wmv" Text="WMV" Image="%PATH%\video_format\wmv.png" />
    <VideoFormat Name="xvid" Text="XviD" Image="%PATH%\video_format\xvid.png" />
  </VideoFormats>
  <ImageDrawTemplate SDKVersion="2.0">
    <OutputImageSettings ColorDepth="Format32bppAlpha" ImageFormat="Png" JpegCompressionLevel="80" Dpi="96" />
    <Canvas AutoSize="False" CenterElements="False" Height="720" Width="1280" Fill="Solid,-16777216,-16777216,BackwardDiagonal,-1,-16777216,0,,Tile,None,50,100,,,,0,0,0,0,Line,True" />
    <Elements>
      <ImageElement Name="IMG_background" X="0" Y="0" Width="1280" Height="720" Source="File" Offset="0" MultiPageIndex="-1" SourceData="%PATH%\osdMod_background.jpg" NullImageUrl="" UseSourceDpi="False" />
      <ImageElement Name="IMG_backdrop" X="0" Y="0" Width="1280" Height="720" Source="File" Offset="0" MultiPageIndex="-1" SourceData="%BACKGROUND%" NullImageUrl="" />
      <ImageElement Name="IMG_title_back" X="0" Y="10" Width="1280" Height="140" Source="File" Offset="0" MultiPageIndex="-1" SourceData="%PATH%\title_back.png" NullImageUrl="" />
      <TextElement Name="TXT_title" X="20" Y="45" Width="1240" Height="80" AutoSize="False" Multiline="False" Font="Arial,55,Point,,0" ForeColor="-1" StrokeColor="-16777216" StrokeWidth="0" Text="%TITLE%" TextAlignment="MiddleCenter" TextQuality="AntiAlias" />
      <ImageElement Name="IMG_cover" X="100" Y="145" Width="240" Height="360" Source="File" Offset="0" MultiPageIndex="-1" SourceData="%COVER%" NullImageUrl="" UseSourceDpi="False">
        <Actions>
          <RoundCorners BorderColor="-16728065" BorderWidth="3" Roundness="10" Corners="All" />
        </Actions>
      </ImageElement>
      <ImageElement Name="IMG_movie_data_back" X="335" Y="112" Width="880" Height="438" Source="File" Offset="0" MultiPageIndex="-1" SourceData="%PATH%\movie_data_back.png" NullImageUrl="" />
      <TextElement Name="TXT_T_director" X="406" Y="170" Width="730" Height="30" AutoSize="True" Multiline="False" Font="Arial,20,Point,,0" ForeColor="-12490271" StrokeColor="-16777216" StrokeWidth="0" Text="Director:" TextAlignment="MiddleRight" TextQuality="AntiAlias" />
      <TextElement Name="TXT_director" X="515" Y="168" Width="630" Height="30" AutoSize="False" Multiline="False" Font="Arial,18,Point,,0" ForeColor="-1" StrokeColor="-16777216" StrokeWidth="0" Text="%DIRECTORS%" TextAlignment="MiddleLeft" TextQuality="AntiAlias" />
      <TextElement Name="TXT_T_cast" X="406" Y="200" Width="730" Height="30" AutoSize="True" Multiline="False" Font="Arial,20,Point,,0" ForeColor="-12490271" StrokeColor="-16777216" StrokeWidth="0" Text="Cast:" TextAlignment="MiddleRight" TextQuality="AntiAlias" />
      <TextElement Name="TXT_cast" X="515" Y="198" Width="630" Height="30" AutoSize="False" Multiline="False" Font="Arial,18,Point,,0" ForeColor="-1" StrokeColor="-16777216" StrokeWidth="0" Text="%ACTORS%" TextAlignment="MiddleLeft" TextQuality="AntiAlias" />
      <TextElement Name="TXT_T_genre" X="406" Y="230" Width="750" Height="30" AutoSize="True" Multiline="False" Font="Arial,20,Point,,0" ForeColor="-12490271" StrokeColor="-16777216" StrokeWidth="0" Text="Genre:" TextAlignment="MiddleRight" TextQuality="AntiAlias" />
      <TextElement Name="TXT_genre" X="515" Y="228" Width="630" Height="30" AutoSize="False" Multiline="False" Font="Arial,18,Point,,0" ForeColor="-1" StrokeColor="-16777216" StrokeWidth="0" Text="%GENRES%" TextAlignment="MiddleLeft" TextQuality="AntiAlias" />
      <TextElement Name="TXT_T_year" X="406" Y="260" Width="730" Height="30" AutoSize="True" Multiline="False" Font="Arial,20,Point,,0" ForeColor="-12490271" StrokeColor="-16777216" StrokeWidth="0" Text="Year:" TextAlignment="MiddleLeft" TextQuality="AntiAlias" />
      <TextElement Name="TXT_year" X="472" Y="258" Width="75" Height="30" AutoSize="False" Multiline="False" Font="Arial,18,Point,,0" ForeColor="-1" StrokeColor="-16777216" StrokeWidth="0" Text="%YEAR%" TextAlignment="MiddleLeft" TextQuality="AntiAlias" />
      <TextElement Name="TXT_T_runtime" X="544" Y="260" Width="730" Height="30" AutoSize="True" Multiline="False" Font="Arial,20,Point,,0" ForeColor="-12490271" StrokeColor="-16777216" StrokeWidth="0" Text="Runtime:" TextAlignment="TopLeft" TextQuality="AntiAlias" />
      <TextElement Name="TXT_runtime" X="658" Y="258" Width="120" Height="30" AutoSize="False" Multiline="False" Font="Arial,18,Point,,0" ForeColor="-1" StrokeColor="-16777216" StrokeWidth="0" Text="%RUNTIME% min." TextAlignment="MiddleLeft" TextQuality="AntiAlias" />
      <TextElement Name="TXT_T_rating" X="770" Y="260" Width="730" Height="30" AutoSize="True" Multiline="False" Font="Arial,20,Point,,0" ForeColor="-12490271" StrokeColor="-16777216" StrokeWidth="0" Text="Rating:" TextAlignment="TopLeft" TextQuality="AntiAlias" />
      <ImageElement Name="IMG_stars_back" X="860" Y="260" Width="240" Height="24" Source="File" Offset="0" MultiPageIndex="-1" SourceData="%PATH%\stars_back.png" NullImageUrl="">
        <Actions>
          <AdjustOpacity Opacity="20" />
        </Actions>
      </ImageElement>
      <ImageElement Name="IMG_RatingStars" X="860" Y="260" Width="300" Height="30" Source="Base64String" Offset="0" MultiPageIndex="-1" SourceData="%RATINGSTARS%" NullImageUrl="" />
      <TextElement Name="TXT_rating" X="1100" Y="260" Width="80" Height="30" AutoSize="False" Multiline="False" Font="Arial,12,Point,,0" ForeColor="-1" StrokeColor="-16777216" StrokeWidth="0" Text="(%RATING%)" TextAlignment="MiddleLeft" TextQuality="AntiAlias" />
      <ImageElement Name="IMG_line_1" X="430" Y="295" Width="680" Height="5" Source="File" Offset="0" MultiPageIndex="-1" SourceData="%PATH%\line.png" NullImageUrl="" />
      <TextElement Name="TXT_plot" X="405" Y="303" Width="740" Height="200" AutoSize="False" Multiline="True" Font="Arial,14,Point,,0" ForeColor="-1" StrokeColor="-16777216" StrokeWidth="0" Text="%PLOT%" TextAlignment="TopLeft" TextQuality="AntiAlias" />
      <ImageElement Name="IMG_file_data_back" X="50" Y="516" Width="1180" Height="190" Source="File" Offset="0" MultiPageIndex="-1" SourceData="%PATH%\file_data_back.png" NullImageUrl="" />
      <ImageElement Name="IMG_resolution" X="140" Y="553" Width="100" Height="70" Source="Base64String" Offset="0" MultiPageIndex="-1" SourceData="%RESOLUTION%" NullImageUrl="" />
      <TextElement Name="TXT_videoresolutiontext" X="238" Y="560" Width="150" Height="30" AutoSize="False" Multiline="False" Font="Arial,18,Point,,0" ForeColor="-5658199" StrokeColor="-16777216" StrokeWidth="0" Text="%VIDEORESOLUTIONTEXT%" TextAlignment="MiddleLeft" TextQuality="AntiAlias" />
      <TextElement Name="TXT_aspectratiotext" X="238" Y="590" Width="150" Height="30" AutoSize="False" Multiline="False" Font="Arial,18,Point,,0" ForeColor="-5658199" StrokeColor="-16777216" StrokeWidth="0" Text="%ASPECTRATIOTEXT%" TextAlignment="MiddleLeft" TextQuality="AntiAlias" />
      <ImageElement Name="IMG_mediaformat" X="386" Y="553" Width="100" Height="70" Source="Base64String" Offset="0" MultiPageIndex="-1" SourceData="%MEDIAFORMAT%" NullImageUrl="" />
      <TextElement Name="TXT_containertext" X="486" Y="560" Width="150" Height="30" AutoSize="False" Multiline="False" Font="Arial,18,Point,,0" ForeColor="-5658199" StrokeColor="-16777216" StrokeWidth="0" Text="%CONTAINERTEXT%" TextAlignment="MiddleLeft" TextQuality="AntiAlias" />
      <TextElement Name="TXT_mediaformattext" X="486" Y="590" Width="150" Height="30" AutoSize="False" Multiline="False" Font="Arial,18,Point,,0" ForeColor="-5658199" StrokeColor="-16777216" StrokeWidth="0" Text="%MEDIAFORMATTEXT%" TextAlignment="MiddleLeft" TextQuality="AntiAlias" />
      <ImageElement Name="IMG_videoformat" X="639" Y="553" Width="100" Height="70" Source="Base64String" Offset="0" MultiPageIndex="-1" SourceData="%VIDEOFORMAT%" NullImageUrl="" />
      <TextElement Name="TXT_videocodectext" X="740" Y="545" Width="180" Height="30" AutoSize="False" Multiline="False" Font="Arial,18,Point,,0" ForeColor="-5658199" StrokeColor="-16777216" StrokeWidth="0" Text="%VIDEOCODECTEXT%" TextAlignment="MiddleLeft" TextQuality="AntiAlias" />
      <TextElement Name="TXT_videobitratetext" X="740" Y="575" Width="150" Height="30" AutoSize="False" Multiline="False" Font="Arial,18,Point,,0" ForeColor="-5658199" StrokeColor="-16777216" StrokeWidth="0" Text="%VIDEOBITRATETEXT%" TextAlignment="MiddleLeft" TextQuality="AntiAlias" />
      <TextElement Name="TXT_frameratetext" X="740" Y="605" Width="150" Height="30" AutoSize="False" Multiline="False" Font="Arial,18,Point,,0" ForeColor="-5658199" StrokeColor="-16777216" StrokeWidth="0" Text="%FRAMERATETEXT% fps" TextAlignment="MiddleLeft" TextQuality="AntiAlias" />
      <ImageElement Name="IMG_soundformat" X="896" Y="553" Width="100" Height="70" Source="Base64String" Offset="0" MultiPageIndex="-1" SourceData="%SOUNDFORMAT%" NullImageUrl="" />
      <TextElement Name="TXT_audiocodectext" X="1000" Y="544" Width="150" Height="30" AutoSize="False" Multiline="False" Font="Arial,18,Point,,0" ForeColor="-5658199" StrokeColor="-16777216" StrokeWidth="0" Text="%AUDIOCODECTEXT%" TextAlignment="MiddleLeft" TextQuality="AntiAlias" />
      <TextElement Name="TXT_audiochannelstext" X="998" Y="574" Width="150" Height="30" AutoSize="False" Multiline="False" Font="Arial,18,Point,,0" ForeColor="-5658199" StrokeColor="-16777216" StrokeWidth="0" Text="%AUDIOCHANNELSTEXT% Channels" TextAlignment="MiddleLeft" TextQuality="AntiAlias" />
      <TextElement Name="TXT_audiobitratetext" X="1000" Y="605" Width="150" Height="30" AutoSize="False" Multiline="False" Font="Arial,18,Point,,0" ForeColor="-5658199" StrokeColor="-16777216" StrokeWidth="0" Text="%AUDIOBITRATETEXT%" TextAlignment="MiddleLeft" TextQuality="AntiAlias" />
      <ImageElement Name="IMG_line_2" X="148" Y="641" Width="980" Height="5" Source="File" Offset="0" MultiPageIndex="-1" SourceData="%PATH%\line.png" NullImageUrl="" />
      <TextElement Name="TXT_T_size" X="174" Y="655" Width="730" Height="30" AutoSize="True" Multiline="False" Font="Arial,20,Point,,0" ForeColor="-12490271" StrokeColor="-16777216" StrokeWidth="0" Text="Size:" TextAlignment="MiddleLeft" TextQuality="AntiAlias" />
      <TextElement Name="TXT_size" X="238" Y="653" Width="130" Height="30" AutoSize="False" Multiline="False" Font="Arial,18,Point,,0" ForeColor="-5658199" StrokeColor="-16777216" StrokeWidth="0" Text="%FILESIZETEXT%" TextAlignment="MiddleLeft" TextQuality="AntiAlias" />
      <TextElement Name="TXT_T_duration" X="380" Y="655" Width="730" Height="30" AutoSize="True" Multiline="False" Font="Arial,20,Point,,0" ForeColor="-12490271" StrokeColor="-16777216" StrokeWidth="0" Text="Duration:" TextAlignment="MiddleLeft" TextQuality="AntiAlias" />
      <TextElement Name="TXT_duration" X="498" Y="653" Width="100" Height="30" AutoSize="False" Multiline="False" Font="Arial,18,Point,,0" ForeColor="-5658199" StrokeColor="-16777216" StrokeWidth="0" Text="%DURATIONTEXT%" TextAlignment="MiddleLeft" TextQuality="AntiAlias" />
      <TextElement Name="TXT_T_subtitles" X="604" Y="655" Width="730" Height="30" AutoSize="True" Multiline="False" Font="Arial,20,Point,,0" ForeColor="-12490271" StrokeColor="-16777216" StrokeWidth="0" Text="Subs:" TextAlignment="MiddleLeft" TextQuality="AntiAlias" />
      <TextElement Name="TXT_subtitles" X="674" Y="653" Width="500" Height="30" AutoSize="False" Multiline="False" Font="Arial,18,Point,,0" ForeColor="-5658199" StrokeColor="-16777216" StrokeWidth="0" Text="%SUBTITLES%" TextAlignment="MiddleLeft" TextQuality="AntiAlias" />
    </Elements>
  </ImageDrawTemplate>
</Template>